Region,distribution losses,installed capacity
Africa,20.140446,38.779143
Asia & Oceania,738.161851,3537.717243
Central & South America,39.410453,78.798125
Europe,152.4135568,683.617455
Middle East,162.287147,306.69710
North America,270.6442235,1387.359489
